{
    "loss": 10.983263969421387,
    "accuracy": 0.5035971403121948
}