{
    "loss": 18.565784454345703,
    "accuracy": 0.4892086386680603
}